{
  "classification_report": {
    "shark": {
      "precision": 0.6470588235294118,
      "recall": 0.5661764705882353,
      "f1-score": 0.6039215686274509,
      "support": 136.0
    },
    "jellyfish": {
      "precision": 0.8904109589041096,
      "recall": 0.7065217391304348,
      "f1-score": 0.7878787878787878,
      "support": 184.0
    },
    "rip_current": {
      "precision": 0.6190476190476191,
      "recall": 0.40625,
      "f1-score": 0.49056603773584906,
      "support": 64.0
    },
    "sea_urchin": {
      "precision": 0.6195652173913043,
      "recall": 0.8571428571428571,
      "f1-score": 0.7192429022082019,
      "support": 133.0
    },
    "large_waves": {
      "precision": 0.23333333333333334,
      "recall": 0.4883720930232558,
      "f1-score": 0.3157894736842105,
      "support": 43.0
    },
    "reef_coral": {
      "precision": 0.5921052631578947,
      "recall": 0.4017857142857143,
      "f1-score": 0.4787234042553192,
      "support": 112.0
    },
    "no_hazard": {
      "precision": 0.6356589147286822,
      "recall": 0.7192982456140351,
      "f1-score": 0.6748971193415638,
      "support": 114.0
    },
    "accuracy": 0.6297709923664122,
    "macro avg": {
      "precision": 0.6053114471560507,
      "recall": 0.5922210171120762,
      "f1-score": 0.581574184818769,
      "support": 786.0
    },
    "weighted avg": {
      "precision": 0.6649759250083137,
      "recall": 0.6297709923664122,
      "f1-score": 0.6339603091116673,
      "support": 786.0
    }
  },
  "confusion_matrix": [
    [
      77,
      14,
      8,
      5,
      9,
      19,
      4
    ],
    [
      30,
      130,
      1,
      5,
      11,
      5,
      2
    ],
    [
      0,
      0,
      26,
      12,
      17,
      0,
      9
    ],
    [
      2,
      0,
      1,
      114,
      0,
      5,
      11
    ],
    [
      0,
      0,
      5,
      0,
      21,
      2,
      15
    ],
    [
      10,
      2,
      1,
      45,
      3,
      45,
      6
    ],
    [
      0,
      0,
      0,
      3,
      29,
      0,
      82
    ]
  ],
  "classes": [
    "shark",
    "jellyfish",
    "rip_current",
    "sea_urchin",
    "large_waves",
    "reef_coral",
    "no_hazard"
  ],
  "accuracy": 0.6297709923664122,
  "timestamp": "2026-03-08T16:23:19.395326"
}