{
  "classification_report": {
    "shark": {
      "precision": 0.0,
      "recall": 0.0,
      "f1-score": 0.0,
      "support": 18.0
    },
    "jellyfish": {
      "precision": 0.0,
      "recall": 0.0,
      "f1-score": 0.0,
      "support": 15.0
    },
    "rip_current": {
      "precision": 0.0,
      "recall": 0.0,
      "f1-score": 0.0,
      "support": 15.0
    },
    "sea_urchin": {
      "precision": 0.0,
      "recall": 0.0,
      "f1-score": 0.0,
      "support": 17.0
    },
    "large_waves": {
      "precision": 0.11764705882352941,
      "recall": 0.8333333333333334,
      "f1-score": 0.20618556701030927,
      "support": 12.0
    },
    "reef_coral": {
      "precision": 0.0,
      "recall": 0.0,
      "f1-score": 0.0,
      "support": 12.0
    },
    "no_hazard": {
      "precision": 0.18181818181818182,
      "recall": 0.2222222222222222,
      "f1-score": 0.2,
      "support": 18.0
    },
    "accuracy": 0.1308411214953271,
    "macro avg": {
      "precision": 0.0427807486631016,
      "recall": 0.15079365079365079,
      "f1-score": 0.05802650957290133,
      "support": 107.0
    },
    "weighted avg": {
      "precision": 0.04378029886551052,
      "recall": 0.1308411214953271,
      "f1-score": 0.0567684748048945,
      "support": 107.0
    }
  },
  "confusion_matrix": [
    [
      0,
      0,
      0,
      0,
      11,
      0,
      7
    ],
    [
      0,
      0,
      0,
      0,
      13,
      0,
      2
    ],
    [
      0,
      0,
      0,
      0,
      13,
      0,
      2
    ],
    [
      0,
      0,
      0,
      0,
      15,
      0,
      2
    ],
    [
      0,
      0,
      0,
      0,
      10,
      0,
      2
    ],
    [
      0,
      0,
      0,
      0,
      9,
      0,
      3
    ],
    [
      0,
      0,
      0,
      0,
      14,
      0,
      4
    ]
  ],
  "classes": [
    "shark",
    "jellyfish",
    "rip_current",
    "sea_urchin",
    "large_waves",
    "reef_coral",
    "no_hazard"
  ],
  "accuracy": 0.1308411214953271,
  "timestamp": "2026-02-27T15:19:18.839926"
}