{
  "val_loss": 0.5357442498207092,
  "val_accuracy": 0.3908836245536804,
  "val_auc": 0.8531878590583801
}