{
  "val_loss": 0.5308423042297363,
  "val_accuracy": 0.39139291644096375,
  "val_auc": 0.8579443693161011
}